id;nome;sexo;fotografia;fotografia_content_type;contacto;email;residencia;numero_agente;utilizador_id;grau_academico;curso_academico;observacao;ativo
1;Organic best-of-breed alarm;Division Dynamic;../fake-data/blob/hipster.png;image/png;calculating;Elvera95@gmail.com;multi-byte;Tools Rustic navigate;Interactions Coordinator;optimize;Maine PCI;../fake-data/blob/hipster.txt;false
2;backing up;French Guiana Garden;../fake-data/blob/hipster.png;image/png;Shoes efficient;Lamar57@gmail.com;Configuration paradigms;bus magnetic;Borders Kids tertiary;digital Fish;Automotive reintermediate Generic;../fake-data/blob/hipster.txt;false
3;connect implement Toys;CFA Franc BEAC Pa'anga;../fake-data/blob/hipster.png;image/png;District benchmark bandwidth;Stephon_Kris@gmail.com;Intelligent Bedfordshire;orchestration Chief;Incredible;quantifying Bike;harness;../fake-data/blob/hipster.txt;true
4;Assistant overriding;Borders;../fake-data/blob/hipster.png;image/png;Outdoors Infrastructure;Leila1@hotmail.com;Checking Account;Executive;users;generate UAE Dirham Berkshire;payment Soap panel;../fake-data/blob/hipster.txt;false
5;array Virginia withdrawal;system back-end dot-com;../fake-data/blob/hipster.png;image/png;online monitor methodologies;Bryon56@yahoo.com;Developer Money Market Account;open-source repurpose;Investor;Alaska Ohio;expedite invoice;../fake-data/blob/hipster.txt;false
6;Ball PNG orchid;Pizza;../fake-data/blob/hipster.png;image/png;yellow white ADP;Madelynn80@hotmail.com;Credit Card Account Alaska;Texas;Tennessee Luxembourg Frozen;lime Flat Chicken;lavender;../fake-data/blob/hipster.txt;true
7;program mint green;Tanzanian Shilling Comoros Quetzal;../fake-data/blob/hipster.png;image/png;program Developer;Leo_Corkery55@yahoo.com;Alaska card;Trafficway;Licensed Frozen Soap primary;Cambridgeshire technologies;Checking Account Agent;../fake-data/blob/hipster.txt;true
8;Antigua and Barbuda Producer;Sleek Wooden Shirt Investor;../fake-data/blob/hipster.png;image/png;Central parse blue;Victoria_Pollich12@gmail.com;JBOD disintermediate Borders;haptic HDD;Investor bandwidth Idaho;Czech Republic invoice Incredible Rubber Gloves;Borders;../fake-data/blob/hipster.txt;false
9;overriding circuit Credit Card Account;navigating;../fake-data/blob/hipster.png;image/png;ROI Movies International;Lambert10@hotmail.com;Regional Tasty Fresh Ball Norway;Sausages platforms Soap;Holy See (Vatican City State) wireless protocol;infrastructures reboot;convergence;../fake-data/blob/hipster.txt;false
10;Direct optical Bacon;AI THX Buckinghamshire;../fake-data/blob/hipster.png;image/png;extensible reboot Frozen;Kevin98@gmail.com;optimize vortals foreground;Toys reinvent;Security Small Plastic Mouse;withdrawal;Nebraska Cotton Operations;../fake-data/blob/hipster.txt;true
